"U:0","U:1","U:2","p","vtkValidPointMask","arc_length","Points:0","Points:1","Points:2"
0.092821,0.61655,-0.00056381,-0.027358,1,0,0.95,0,-1
0.090573,0.61141,-0.00067268,-0.027471,1,0.002,0.95,0,-0.998
0.088325,0.60627,-0.00078155,-0.027584,1,0.004,0.95,0,-0.996
0.086078,0.60112,-0.00089042,-0.027697,1,0.006,0.95,0,-0.994
0.08383,0.59598,-0.0009993,-0.02781,1,0.008,0.95,0,-0.992
0.081582,0.59084,-0.0011082,-0.027923,1,0.01,0.95,0,-0.99
0.076121,0.57919,-0.0013017,-0.028156,1,0.012,0.95,0,-0.988
0.07066,0.56755,-0.0014953,-0.028388,1,0.014,0.95,0,-0.986
0.065199,0.5559,-0.0016889,-0.02862,1,0.016,0.95,0,-0.984
0.059738,0.54425,-0.0018825,-0.028852,1,0.018,0.95,0,-0.982
0.054277,0.53261,-0.0020761,-0.029085,1,0.02,0.95,0,-0.98
0.047908,0.52048,-0.0021666,-0.029257,1,0.022,0.95,0,-0.978
0.041538,0.50836,-0.0022571,-0.029428,1,0.024,0.95,0,-0.976
0.035169,0.49623,-0.0023476,-0.0296,1,0.026,0.95,0,-0.974
0.028799,0.48411,-0.0024381,-0.029772,1,0.028,0.95,0,-0.972
0.02243,0.47198,-0.0025287,-0.029944,1,0.03,0.95,0,-0.97
0.016483,0.46121,-0.0024536,-0.029971,1,0.032,0.95,0,-0.968
0.010536,0.45044,-0.0023785,-0.029999,1,0.034,0.95,0,-0.966
0.0045894,0.43967,-0.0023034,-0.030026,1,0.036,0.95,0,-0.964
-0.0013574,0.4289,-0.0022283,-0.030053,1,0.038,0.95,0,-0.962
-0.0073043,0.41813,-0.0021532,-0.03008,1,0.04,0.95,0,-0.96
-0.012396,0.40739,-0.0019566,-0.029971,1,0.042,0.95,0,-0.958
-0.017488,0.39665,-0.00176,-0.029862,1,0.044,0.95,0,-0.956
-0.022579,0.38591,-0.0015634,-0.029753,1,0.046,0.95,0,-0.954
-0.027671,0.37517,-0.0013668,-0.029643,1,0.048,0.95,0,-0.952
-0.032762,0.36443,-0.0011702,-0.029534,1,0.05,0.95,0,-0.95
-0.036738,0.35296,-0.00097649,-0.029347,1,0.052,0.95,0,-0.948
-0.040714,0.34149,-0.0007828,-0.02916,1,0.054,0.95,0,-0.946
-0.04469,0.33002,-0.00058911,-0.028973,1,0.056,0.95,0,-0.944
-0.048666,0.31855,-0.00039542,-0.028786,1,0.058,0.95,0,-0.942
-0.052642,0.30708,-0.00020173,-0.028599,1,0.06,0.95,0,-0.94
-0.055261,0.29661,-0.00012578,-0.028418,1,0.062,0.95,0,-0.938
-0.057879,0.28613,-4.9832e-05,-0.028237,1,0.064,0.95,0,-0.936
-0.060497,0.27566,2.6117e-05,-0.028056,1,0.066,0.95,0,-0.934
-0.063115,0.26519,0.00010207,-0.027875,1,0.068,0.95,0,-0.932
-0.065734,0.25471,0.00017802,-0.027694,1,0.07,0.95,0,-0.93
-0.066883,0.2489,0.00011715,-0.027596,1,0.072,0.95,0,-0.928
-0.068032,0.24309,5.6276e-05,-0.027498,1,0.074,0.95,0,-0.926
-0.069181,0.23729,-4.5933e-06,-0.0274,1,0.076,0.95,0,-0.924
-0.07033,0.23148,-6.5465e-05,-0.027302,1,0.078,0.95,0,-0.922
-0.071479,0.22567,-0.00012633,-0.027203,1,0.08,0.95,0,-0.92
-0.071166,0.22728,-0.00022133,-0.027227,1,0.082,0.95,0,-0.918
-0.070854,0.22889,-0.00031632,-0.02725,1,0.084,0.95,0,-0.916
-0.070542,0.23049,-0.00041132,-0.027273,1,0.086,0.95,0,-0.914
-0.07023,0.2321,-0.00050631,-0.027296,1,0.088,0.95,0,-0.912
-0.069917,0.23371,-0.0006013,-0.027319,1,0.09,0.95,0,-0.91
-0.068136,0.24194,-0.00058991,-0.027454,1,0.092,0.95,0,-0.908
-0.066355,0.25016,-0.00057852,-0.027589,1,0.094,0.95,0,-0.906
-0.064574,0.25839,-0.00056713,-0.027724,1,0.096,0.95,0,-0.904
-0.062793,0.26662,-0.00055574,-0.027858,1,0.098,0.95,0,-0.902
-0.061012,0.27484,-0.00054434,-0.027993,1,0.1,0.95,0,-0.9
-0.057788,0.28615,-0.00037551,-0.028183,1,0.102,0.95,0,-0.898
-0.054563,0.29745,-0.00020668,-0.028373,1,0.104,0.95,0,-0.896
-0.051339,0.30875,-3.7841e-05,-0.028563,1,0.106,0.95,0,-0.894
-0.048115,0.32005,0.00013099,-0.028753,1,0.108,0.95,0,-0.892
-0.044891,0.33136,0.00029983,-0.028942,1,0.11,0.95,0,-0.89
-0.040401,0.34264,0.00055609,-0.029103,1,0.112,0.95,0,-0.888
-0.03591,0.35393,0.00081237,-0.029263,1,0.114,0.95,0,-0.886
-0.03142,0.36521,0.0010686,-0.029424,1,0.116,0.95,0,-0.884
-0.02693,0.3765,0.0013249,-0.029584,1,0.118,0.95,0,-0.882
-0.022439,0.38778,0.0015812,-0.029745,1,0.12,0.95,0,-0.88
-0.01695,0.39844,0.0017938,-0.0298,1,0.122,0.95,0,-0.878
-0.011461,0.40909,0.0020065,-0.029855,1,0.124,0.95,0,-0.876
-0.0059718,0.41975,0.0022191,-0.02991,1,0.126,0.95,0,-0.874
-0.00048257,0.4304,0.0024318,-0.029965,1,0.128,0.95,0,-0.872
0.0050065,0.44106,0.0026444,-0.03002,1,0.13,0.95,0,-0.87
0.01122,0.45241,0.0027009,-0.02993,1,0.132,0.95,0,-0.868
0.017434,0.46377,0.0027573,-0.029839,1,0.134,0.95,0,-0.866
0.023647,0.47513,0.0028138,-0.029749,1,0.136,0.95,0,-0.864
0.029861,0.48649,0.0028702,-0.029659,1,0.138,0.95,0,-0.862
0.036075,0.49785,0.0029266,-0.029568,1,0.14,0.95,0,-0.86
0.042299,0.51031,0.0028291,-0.029356,1,0.142,0.95,0,-0.858
0.048522,0.52277,0.0027315,-0.029145,1,0.144,0.95,0,-0.856
0.054746,0.53523,0.002634,-0.028933,1,0.146,0.95,0,-0.854
0.06097,0.54769,0.0025364,-0.028721,1,0.148,0.95,0,-0.852
0.067194,0.56014,0.0024389,-0.028509,1,0.15,0.95,0,-0.85
0.071562,0.56977,0.0022599,-0.028311,1,0.152,0.95,0,-0.848
0.07593,0.57939,0.0020809,-0.028112,1,0.154,0.95,0,-0.846
0.080298,0.58901,0.001902,-0.027914,1,0.156,0.95,0,-0.844
0.084666,0.59863,0.001723,-0.027715,1,0.158,0.95,0,-0.842
0.089035,0.60825,0.001544,-0.027517,1,0.16,0.95,0,-0.84
0.089373,0.60892,0.0013131,-0.027507,1,0.162,0.95,0,-0.838
0.089711,0.6096,0.0010822,-0.027498,1,0.164,0.95,0,-0.836
0.090049,0.61027,0.00085132,-0.027488,1,0.166,0.95,0,-0.834
0.090388,0.61095,0.00062043,-0.027479,1,0.168,0.95,0,-0.832
0.090726,0.61162,0.00038952,-0.027469,1,0.17,0.95,0,-0.83
0.086857,0.60284,0.00012441,-0.027663,1,0.172,0.95,0,-0.828
0.082988,0.59406,-0.00014071,-0.027857,1,0.174,0.95,0,-0.826
0.079118,0.58528,-0.00040583,-0.028051,1,0.176,0.95,0,-0.824
0.075249,0.5765,-0.00067094,-0.028245,1,0.178,0.95,0,-0.822
0.07138,0.56772,-0.00093606,-0.028439,1,0.18,0.95,0,-0.82
0.065342,0.55535,-0.0011671,-0.028669,1,0.182,0.95,0,-0.818
0.059303,0.54297,-0.0013981,-0.0289,1,0.184,0.95,0,-0.816
0.053264,0.5306,-0.0016291,-0.02913,1,0.186,0.95,0,-0.814
0.047226,0.51822,-0.0018601,-0.029361,1,0.188,0.95,0,-0.812
0.041187,0.50585,-0.0020911,-0.029591,1,0.19,0.95,0,-0.81
0.034987,0.49448,-0.0021739,-0.02971,1,0.192,0.95,0,-0.808
0.028785,0.48312,-0.0022567,-0.029828,1,0.194,0.95,0,-0.806
0.022585,0.47175,-0.0023395,-0.029946,1,0.196,0.95,0,-0.804
0.016384,0.46039,-0.0024224,-0.030064,1,0.198,0.95,0,-0.802
0.010183,0.44903,-0.0025052,-0.030182,1,0.2,0.95,0,-0.8
0.0046405,0.4387,-0.0024021,-0.030151,1,0.202,0.95,0,-0.798
-0.00090177,0.42838,-0.002299,-0.030119,1,0.204,0.95,0,-0.796
-0.006444,0.41806,-0.002196,-0.030087,1,0.206,0.95,0,-0.794
-0.011986,0.40773,-0.0020929,-0.030056,1,0.208,0.95,0,-0.792
-0.017529,0.39741,-0.0019899,-0.030024,1,0.21,0.95,0,-0.79
-0.022145,0.38658,-0.0018021,-0.029875,1,0.212,0.95,0,-0.788
-0.026762,0.37575,-0.0016144,-0.029726,1,0.214,0.95,0,-0.786
-0.031379,0.36491,-0.0014267,-0.029577,1,0.216,0.95,0,-0.784
-0.035996,0.35408,-0.0012389,-0.029427,1,0.218,0.95,0,-0.782
-0.040612,0.34325,-0.0010512,-0.029278,1,0.22,0.95,0,-0.78
-0.044052,0.33191,-0.00091859,-0.02908,1,0.222,0.95,0,-0.778
-0.047492,0.32056,-0.000786,-0.028881,1,0.224,0.95,0,-0.776
-0.050932,0.30921,-0.0006534,-0.028682,1,0.226,0.95,0,-0.774
-0.054371,0.29787,-0.00052081,-0.028484,1,0.228,0.95,0,-0.772
-0.057811,0.28652,-0.00038821,-0.028285,1,0.23,0.95,0,-0.77
-0.05988,0.27719,-0.00039029,-0.02812,1,0.232,0.95,0,-0.768
-0.061949,0.26787,-0.00039237,-0.027955,1,0.234,0.95,0,-0.766
-0.064017,0.25854,-0.00039445,-0.02779,1,0.236,0.95,0,-0.764
-0.066086,0.24922,-0.00039653,-0.027624,1,0.238,0.95,0,-0.762
-0.068155,0.23989,-0.00039861,-0.027459,1,0.24,0.95,0,-0.76
-0.068803,0.2363,-0.00050454,-0.027393,1,0.242,0.95,0,-0.758
-0.069452,0.2327,-0.00061047,-0.027327,1,0.244,0.95,0,-0.756
-0.070101,0.22911,-0.0007164,-0.027261,1,0.246,0.95,0,-0.754
-0.070749,0.22551,-0.00082233,-0.027195,1,0.248,0.95,0,-0.752
-0.071398,0.22191,-0.00092826,-0.027129,1,0.25,0.95,0,-0.75
-0.070645,0.22582,-0.0010069,-0.027185,1,0.252,0.95,0,-0.748
-0.069891,0.22972,-0.0010855,-0.027242,1,0.254,0.95,0,-0.746
-0.069138,0.23363,-0.0011642,-0.027298,1,0.256,0.95,0,-0.744
-0.068385,0.23753,-0.0012428,-0.027354,1,0.258,0.95,0,-0.742
-0.067631,0.24144,-0.0013214,-0.02741,1,0.26,0.95,0,-0.74
-0.065455,0.25097,-0.0012501,-0.027565,1,0.262,0.95,0,-0.738
-0.063278,0.26051,-0.0011788,-0.02772,1,0.264,0.95,0,-0.736
-0.061102,0.27004,-0.0011075,-0.027876,1,0.266,0.95,0,-0.734
-0.058925,0.27958,-0.0010362,-0.028031,1,0.268,0.95,0,-0.732
-0.056749,0.28911,-0.00096491,-0.028186,1,0.27,0.95,0,-0.73
-0.053197,0.30059,-0.00072916,-0.028373,1,0.272,0.95,0,-0.728
-0.049645,0.31208,-0.00049343,-0.028561,1,0.274,0.95,0,-0.726
-0.046093,0.32356,-0.00025769,-0.028748,1,0.276,0.95,0,-0.724
-0.042542,0.33504,-2.1951e-05,-0.028935,1,0.278,0.95,0,-0.722
-0.03899,0.34653,0.00021378,-0.029123,1,0.28,0.95,0,-0.72
-0.034256,0.35755,0.00051428,-0.029259,1,0.282,0.95,0,-0.718
-0.029523,0.36857,0.00081476,-0.029396,1,0.284,0.95,0,-0.716
-0.024789,0.37959,0.0011153,-0.029533,1,0.286,0.95,0,-0.714
-0.020055,0.39061,0.0014157,-0.029669,1,0.288,0.95,0,-0.712
-0.015322,0.40163,0.0017162,-0.029806,1,0.29,0.95,0,-0.71
-0.009668,0.41228,0.0019342,-0.029825,1,0.292,0.95,0,-0.708
-0.0040141,0.42293,0.0021521,-0.029844,1,0.294,0.95,0,-0.706
0.0016396,0.43358,0.00237,-0.029862,1,0.296,0.95,0,-0.704
0.0072933,0.44424,0.002588,-0.029881,1,0.298,0.95,0,-0.702
0.012947,0.45489,0.0028059,-0.0299,1,0.3,0.95,0,-0.7
0.019216,0.46663,0.0028553,-0.029772,1,0.302,0.95,0,-0.698
0.025485,0.47837,0.0029047,-0.029645,1,0.304,0.95,0,-0.696
0.031753,0.49011,0.0029541,-0.029518,1,0.306,0.95,0,-0.694
0.038022,0.50184,0.0030035,-0.02939,1,0.308,0.95,0,-0.692
0.044291,0.51358,0.0030529,-0.029263,1,0.31,0.95,0,-0.69
0.050242,0.52592,0.0029566,-0.029038,1,0.312,0.95,0,-0.688
0.056193,0.53827,0.0028604,-0.028813,1,0.314,0.95,0,-0.686
0.062143,0.55061,0.0027642,-0.028589,1,0.316,0.95,0,-0.684
0.068094,0.56295,0.002668,-0.028364,1,0.318,0.95,0,-0.682
0.074045,0.57529,0.0025718,-0.028139,1,0.32,0.95,0,-0.68
0.077582,0.5832,0.0023742,-0.027976,1,0.322,0.95,0,-0.678
0.081119,0.5911,0.0021767,-0.027813,1,0.324,0.95,0,-0.676
0.084656,0.59901,0.0019791,-0.027649,1,0.326,0.95,0,-0.674
0.088193,0.60692,0.0017815,-0.027486,1,0.328,0.95,0,-0.672
0.09173,0.61482,0.001584,-0.027323,1,0.33,0.95,0,-0.67
0.091003,0.6129,0.0012947,-0.027375,1,0.332,0.95,0,-0.668
0.090277,0.61098,0.0010054,-0.027426,1,0.334,0.95,0,-0.666
0.08955,0.60906,0.00071608,-0.027478,1,0.336,0.95,0,-0.664
0.088823,0.60714,0.00042679,-0.027529,1,0.338,0.95,0,-0.662
0.088096,0.60522,0.0001375,-0.027581,1,0.34,0.95,0,-0.66
0.083601,0.59496,-0.00020362,-0.027807,1,0.342,0.95,0,-0.658
0.079105,0.5847,-0.00054473,-0.028032,1,0.344,0.95,0,-0.656
0.074609,0.57445,-0.00088585,-0.028258,1,0.346,0.95,0,-0.654
0.070114,0.56419,-0.001227,-0.028483,1,0.348,0.95,0,-0.652
0.065618,0.55393,-0.0015681,-0.028709,1,0.35,0.95,0,-0.65
0.059582,0.54165,-0.001846,-0.02893,1,0.352,0.95,0,-0.648
0.053545,0.52937,-0.0021239,-0.029151,1,0.354,0.95,0,-0.646
0.047509,0.51709,-0.0024018,-0.029372,1,0.356,0.95,0,-0.644
0.041472,0.5048,-0.0026797,-0.029593,1,0.358,0.95,0,-0.642
0.035436,0.49252,-0.0029576,-0.029814,1,0.36,0.95,0,-0.64
0.029556,0.48177,-0.0030427,-0.029909,1,0.362,0.95,0,-0.638
0.023675,0.47101,-0.0031278,-0.030003,1,0.364,0.95,0,-0.636
0.017795,0.46025,-0.0032128,-0.030097,1,0.366,0.95,0,-0.634
0.011914,0.4495,-0.0032979,-0.030192,1,0.368,0.95,0,-0.632
0.0060337,0.43874,-0.003383,-0.030286,1,0.37,0.95,0,-0.63
0.00087287,0.42887,-0.0032717,-0.030235,1,0.372,0.95,0,-0.628
-0.0042881,0.41901,-0.0031603,-0.030184,1,0.374,0.95,0,-0.626
-0.0094489,0.40914,-0.003049,-0.030133,1,0.376,0.95,0,-0.624
-0.01461,0.39927,-0.0029377,-0.030082,1,0.378,0.95,0,-0.622
-0.019771,0.3894,-0.0028264,-0.030031,1,0.38,0.95,0,-0.62
-0.024032,0.37889,-0.0026454,-0.029871,1,0.382,0.95,0,-0.618
-0.028294,0.36838,-0.0024645,-0.029712,1,0.384,0.95,0,-0.616
-0.032556,0.35787,-0.0022835,-0.029552,1,0.386,0.95,0,-0.614
-0.036817,0.34736,-0.0021026,-0.029393,1,0.388,0.95,0,-0.612
-0.041079,0.33685,-0.0019217,-0.029233,1,0.39,0.95,0,-0.61
-0.044238,0.32579,-0.0018117,-0.029031,1,0.392,0.95,0,-0.608
-0.047397,0.31473,-0.0017018,-0.028828,1,0.394,0.95,0,-0.606
-0.050556,0.30367,-0.0015919,-0.028626,1,0.396,0.95,0,-0.604
-0.053715,0.29262,-0.001482,-0.028424,1,0.398,0.95,0,-0.602
-0.056875,0.28156,-0.0013721,-0.028221,1,0.4,0.95,0,-0.6
-0.058787,0.27239,-0.0014138,-0.028053,1,0.402,0.95,0,-0.598
-0.060699,0.26323,-0.0014555,-0.027886,1,0.404,0.95,0,-0.596
-0.062612,0.25406,-0.0014973,-0.027718,1,0.406,0.95,0,-0.594
-0.064524,0.2449,-0.001539,-0.02755,1,0.408,0.95,0,-0.592
-0.066437,0.23573,-0.0015807,-0.027382,1,0.41,0.95,0,-0.59
-0.067113,0.23199,-0.0017513,-0.027309,1,0.412,0.95,0,-0.588
-0.067789,0.22826,-0.001922,-0.027235,1,0.414,0.95,0,-0.586
-0.068465,0.22452,-0.0020926,-0.027162,1,0.416,0.95,0,-0.584
-0.069141,0.22078,-0.0022632,-0.027088,1,0.418,0.95,0,-0.582
-0.069817,0.21704,-0.0024339,-0.027015,1,0.42,0.95,0,-0.58
-0.069351,0.22052,-0.0026106,-0.027059,1,0.422,0.95,0,-0.578
-0.068885,0.224,-0.0027873,-0.027103,1,0.424,0.95,0,-0.576
-0.06842,0.22748,-0.002964,-0.027147,1,0.426,0.95,0,-0.574
-0.067954,0.23096,-0.0031408,-0.027191,1,0.428,0.95,0,-0.572
-0.067489,0.23445,-0.0033175,-0.027235,1,0.43,0.95,0,-0.57
-0.065939,0.24352,-0.0033582,-0.027382,1,0.432,0.95,0,-0.568
-0.064389,0.2526,-0.0033989,-0.027529,1,0.434,0.95,0,-0.566
-0.06284,0.26168,-0.0034397,-0.027675,1,0.436,0.95,0,-0.564
-0.06129,0.27076,-0.0034804,-0.027822,1,0.438,0.95,0,-0.562
-0.05974,0.27984,-0.0035211,-0.027969,1,0.44,0.95,0,-0.56
-0.057186,0.29098,-0.0033673,-0.02817,1,0.442,0.95,0,-0.558
-0.054631,0.30213,-0.0032135,-0.028371,1,0.444,0.95,0,-0.556
-0.052077,0.31327,-0.0030597,-0.028572,1,0.446,0.95,0,-0.554
-0.049523,0.32442,-0.0029059,-0.028773,1,0.448,0.95,0,-0.552
-0.046968,0.33556,-0.0027521,-0.028974,1,0.45,0.95,0,-0.55
-0.043588,0.34606,-0.0024429,-0.029162,1,0.452,0.95,0,-0.548
-0.040208,0.35655,-0.0021337,-0.029351,1,0.454,0.95,0,-0.546
-0.036827,0.36705,-0.0018245,-0.029539,1,0.456,0.95,0,-0.544
-0.033447,0.37754,-0.0015153,-0.029727,1,0.458,0.95,0,-0.542
-0.030067,0.38804,-0.0012062,-0.029915,1,0.46,0.95,0,-0.54
-0.026046,0.39714,-0.00086308,-0.030033,1,0.462,0.95,0,-0.538
-0.022025,0.40625,-0.00052,-0.03015,1,0.464,0.95,0,-0.536
-0.018004,0.41536,-0.00017691,-0.030268,1,0.466,0.95,0,-0.534
-0.013983,0.42447,0.00016616,-0.030386,1,0.468,0.95,0,-0.532
-0.0099625,0.43357,0.00050925,-0.030503,1,0.47,0.95,0,-0.53
-0.0054219,0.44213,0.00072605,-0.030508,1,0.472,0.95,0,-0.528
-0.00088132,0.45069,0.00094285,-0.030513,1,0.474,0.95,0,-0.526
0.0036594,0.45925,0.0011597,-0.030518,1,0.476,0.95,0,-0.524
0.0082,0.46781,0.0013765,-0.030523,1,0.478,0.95,0,-0.522
0.012741,0.47638,0.0015933,-0.030528,1,0.48,0.95,0,-0.52
0.017779,0.48588,0.0015508,-0.0304,1,0.482,0.95,0,-0.518
0.022818,0.49539,0.0015084,-0.030272,1,0.484,0.95,0,-0.516
0.027857,0.5049,0.0014659,-0.030145,1,0.486,0.95,0,-0.514
0.032895,0.5144,0.0014235,-0.030017,1,0.488,0.95,0,-0.512
0.037934,0.52391,0.001381,-0.029889,1,0.49,0.95,0,-0.51
0.043193,0.53488,0.0010353,-0.029652,1,0.492,0.95,0,-0.508
0.048452,0.54584,0.00068962,-0.029416,1,0.494,0.95,0,-0.506
0.053711,0.55681,0.00034391,-0.029179,1,0.496,0.95,0,-0.504
0.05897,0.56778,-1.8099e-06,-0.028943,1,0.498,0.95,0,-0.502
0.064229,0.57874,-0.00034752,-0.028706,1,0.5,0.95,0,-0.5
0.068514,0.58846,-0.00086908,-0.028463,1,0.502,0.95,0,-0.498
0.0728,0.59817,-0.0013906,-0.028219,1,0.504,0.95,0,-0.496
0.077086,0.60788,-0.0019122,-0.027975,1,0.506,0.95,0,-0.494
0.081372,0.61759,-0.0024337,-0.027732,1,0.508,0.95,0,-0.492
0.085658,0.62731,-0.0029553,-0.027488,1,0.51,0.95,0,-0.49
0.087053,0.63026,-0.0033952,-0.027395,1,0.512,0.95,0,-0.488
0.088448,0.63322,-0.0038351,-0.027302,1,0.514,0.95,0,-0.486
0.089843,0.63618,-0.004275,-0.027209,1,0.516,0.95,0,-0.484
0.091237,0.63914,-0.0047149,-0.027116,1,0.518,0.95,0,-0.482
0.092632,0.64209,-0.0051549,-0.027023,1,0.52,0.95,0,-0.48
0.090212,0.63564,-0.0053329,-0.027153,1,0.522,0.95,0,-0.478
0.087791,0.62919,-0.005511,-0.027283,1,0.524,0.95,0,-0.476
0.08537,0.62274,-0.005689,-0.027413,1,0.526,0.95,0,-0.474
0.082949,0.61629,-0.0058671,-0.027543,1,0.528,0.95,0,-0.472
0.080528,0.60984,-0.0060452,-0.027673,1,0.53,0.95,0,-0.47
0.075547,0.59789,-0.0060021,-0.027915,1,0.532,0.95,0,-0.468
0.070566,0.58595,-0.0059591,-0.028157,1,0.534,0.95,0,-0.466
0.065584,0.57401,-0.005916,-0.028398,1,0.536,0.95,0,-0.464
0.060603,0.56206,-0.005873,-0.02864,1,0.538,0.95,0,-0.462
0.055622,0.55012,-0.0058299,-0.028882,1,0.54,0.95,0,-0.46
0.050129,0.53827,-0.0056259,-0.029071,1,0.542,0.95,0,-0.458
0.044636,0.52642,-0.0054218,-0.029259,1,0.544,0.95,0,-0.456
0.039143,0.51457,-0.0052177,-0.029448,1,0.546,0.95,0,-0.454
0.03365,0.50272,-0.0050136,-0.029637,1,0.548,0.95,0,-0.452
0.028158,0.49088,-0.0048095,-0.029826,1,0.55,0.95,0,-0.45
0.023269,0.48093,-0.0044006,-0.029888,1,0.552,0.95,0,-0.448
0.018379,0.47099,-0.0039917,-0.029951,1,0.554,0.95,0,-0.446
0.01349,0.46104,-0.0035829,-0.030014,1,0.556,0.95,0,-0.444
0.0086011,0.4511,-0.003174,-0.030076,1,0.558,0.95,0,-0.442
0.003712,0.44116,-0.0027651,-0.030139,1,0.56,0.95,0,-0.44
-0.00036932,0.43202,-0.0021649,-0.030081,1,0.562,0.95,0,-0.438
-0.0044506,0.42289,-0.0015647,-0.030022,1,0.564,0.95,0,-0.436
-0.008532,0.41376,-0.00096448,-0.029964,1,0.566,0.95,0,-0.434
-0.012613,0.40462,-0.00036429,-0.029906,1,0.568,0.95,0,-0.432
-0.016695,0.39549,0.00023591,-0.029847,1,0.57,0.95,0,-0.43
-0.019956,0.38587,0.00090694,-0.029704,1,0.572,0.95,0,-0.428
-0.023217,0.37625,0.001578,-0.029561,1,0.574,0.95,0,-0.426
-0.026478,0.36663,0.002249,-0.029419,1,0.576,0.95,0,-0.424
-0.029739,0.35701,0.00292,-0.029276,1,0.578,0.95,0,-0.422
-0.033,0.34739,0.0035911,-0.029133,1,0.58,0.95,0,-0.42
-0.035397,0.33695,0.0041845,-0.028952,1,0.582,0.95,0,-0.418
-0.037794,0.32651,0.0047779,-0.028771,1,0.584,0.95,0,-0.416
-0.040191,0.31606,0.0053713,-0.028591,1,0.586,0.95,0,-0.414
-0.042588,0.30562,0.0059647,-0.02841,1,0.588,0.95,0,-0.412
-0.044985,0.29518,0.0065581,-0.028229,1,0.59,0.95,0,-0.41
-0.046516,0.28483,0.0069579,-0.02806,1,0.592,0.95,0,-0.408
-0.048047,0.27448,0.0073577,-0.027892,1,0.594,0.95,0,-0.406
-0.049577,0.26413,0.0077574,-0.027723,1,0.596,0.95,0,-0.404
-0.051108,0.25378,0.0081572,-0.027555,1,0.598,0.95,0,-0.402
-0.052639,0.24343,0.008557,-0.027386,1,0.6,0.95,0,-0.4
-0.053405,0.2352,0.0086908,-0.027272,1,0.602,0.95,0,-0.398
-0.054172,0.22697,0.0088246,-0.027157,1,0.604,0.95,0,-0.396
-0.054938,0.21874,0.0089584,-0.027042,1,0.606,0.95,0,-0.394
-0.055704,0.21051,0.0090923,-0.026927,1,0.608,0.95,0,-0.392
-0.056471,0.20228,0.0092261,-0.026813,1,0.61,0.95,0,-0.39
-0.056663,0.19845,0.009094,-0.026773,1,0.612,0.95,0,-0.388
-0.056856,0.19461,0.0089619,-0.026733,1,0.614,0.95,0,-0.386
-0.057049,0.19078,0.0088297,-0.026694,1,0.616,0.95,0,-0.384
-0.057242,0.18694,0.0086976,-0.026654,1,0.618,0.95,0,-0.382
-0.057434,0.18311,0.0085655,-0.026614,1,0.62,0.95,0,-0.38
-0.057206,0.18476,0.0082664,-0.026653,1,0.622,0.95,0,-0.378
-0.056977,0.18641,0.0079673,-0.026692,1,0.624,0.95,0,-0.376
-0.056748,0.18807,0.0076683,-0.026731,1,0.626,0.95,0,-0.374
-0.056519,0.18972,0.0073692,-0.02677,1,0.628,0.95,0,-0.372
-0.056291,0.19138,0.0070701,-0.026808,1,0.63,0.95,0,-0.37
-0.055658,0.19771,0.0067571,-0.026919,1,0.632,0.95,0,-0.368
-0.055025,0.20404,0.0064442,-0.02703,1,0.634,0.95,0,-0.366
-0.054392,0.21037,0.0061313,-0.027141,1,0.636,0.95,0,-0.364
-0.053759,0.2167,0.0058183,-0.027252,1,0.638,0.95,0,-0.362
-0.053127,0.22303,0.0055054,-0.027363,1,0.64,0.95,0,-0.36
-0.052006,0.23199,0.0053125,-0.027528,1,0.642,0.95,0,-0.358
-0.050886,0.24095,0.0051196,-0.027694,1,0.644,0.95,0,-0.356
-0.049766,0.24991,0.0049267,-0.027859,1,0.646,0.95,0,-0.354
-0.048645,0.25888,0.0047338,-0.028025,1,0.648,0.95,0,-0.352
-0.047525,0.26784,0.0045409,-0.028191,1,0.65,0.95,0,-0.35
-0.045834,0.27744,0.0045329,-0.028383,1,0.652,0.95,0,-0.348
-0.044143,0.28704,0.0045249,-0.028575,1,0.654,0.95,0,-0.346
-0.042452,0.29664,0.0045169,-0.028767,1,0.656,0.95,0,-0.344
-0.040761,0.30623,0.0045088,-0.028959,1,0.658,0.95,0,-0.342
-0.03907,0.31583,0.0045008,-0.029151,1,0.66,0.95,0,-0.34
-0.036778,0.32487,0.0046612,-0.029332,1,0.662,0.95,0,-0.338
-0.034485,0.33391,0.0048215,-0.029513,1,0.664,0.95,0,-0.336
-0.032193,0.34295,0.0049818,-0.029694,1,0.666,0.95,0,-0.334
-0.029901,0.35199,0.0051422,-0.029875,1,0.668,0.95,0,-0.332
-0.027608,0.36103,0.0053025,-0.030057,1,0.67,0.95,0,-0.33
-0.024722,0.36919,0.0055522,-0.030188,1,0.672,0.95,0,-0.328
-0.021836,0.37735,0.0058019,-0.030319,1,0.674,0.95,0,-0.326
-0.01895,0.38551,0.0060515,-0.030451,1,0.676,0.95,0,-0.324
-0.016064,0.39367,0.0063012,-0.030582,1,0.678,0.95,0,-0.322
-0.013177,0.40183,0.0065509,-0.030713,1,0.68,0.95,0,-0.32
-0.0097152,0.40954,0.0067361,-0.030764,1,0.682,0.95,0,-0.318
-0.0062531,0.41724,0.0069214,-0.030814,1,0.684,0.95,0,-0.316
-0.002791,0.42494,0.0071066,-0.030864,1,0.686,0.95,0,-0.314
0.00067113,0.43264,0.0072919,-0.030914,1,0.688,0.95,0,-0.312
0.0041333,0.44034,0.0074771,-0.030964,1,0.69,0.95,0,-0.31
0.0082114,0.4486,0.0074162,-0.030905,1,0.692,0.95,0,-0.308
0.01229,0.45686,0.0073553,-0.030846,1,0.694,0.95,0,-0.306
0.016368,0.46513,0.0072943,-0.030787,1,0.696,0.95,0,-0.304
0.020446,0.47339,0.0072334,-0.030727,1,0.698,0.95,0,-0.302
0.024524,0.48165,0.0071725,-0.030668,1,0.7,0.95,0,-0.3
0.029241,0.49159,0.0067532,-0.03049,1,0.702,0.95,0,-0.298
0.033958,0.50153,0.0063339,-0.030313,1,0.704,0.95,0,-0.296
0.038676,0.51147,0.0059146,-0.030135,1,0.706,0.95,0,-0.294
0.043393,0.52142,0.0054953,-0.029957,1,0.708,0.95,0,-0.292
0.04811,0.53136,0.005076,-0.029779,1,0.71,0.95,0,-0.29
0.052994,0.54254,0.0043395,-0.029525,1,0.712,0.95,0,-0.288
0.057878,0.55373,0.0036031,-0.029271,1,0.714,0.95,0,-0.286
0.062762,0.56491,0.0028667,-0.029017,1,0.716,0.95,0,-0.284
0.067645,0.57609,0.0021302,-0.028763,1,0.718,0.95,0,-0.282
0.072529,0.58728,0.0013938,-0.028508,1,0.72,0.95,0,-0.28
0.076061,0.59574,0.00057451,-0.028299,1,0.722,0.95,0,-0.278
0.079594,0.6042,-0.00024479,-0.02809,1,0.724,0.95,0,-0.276
0.083126,0.61266,-0.0010641,-0.027881,1,0.726,0.95,0,-0.274
0.086658,0.62111,-0.0018834,-0.027671,1,0.728,0.95,0,-0.272
0.090191,0.62957,-0.0027027,-0.027462,1,0.73,0.95,0,-0.27
0.09041,0.62975,-0.0032924,-0.027446,1,0.732,0.95,0,-0.268
0.090629,0.62993,-0.0038821,-0.027429,1,0.734,0.95,0,-0.266
0.090849,0.63011,-0.0044718,-0.027413,1,0.736,0.95,0,-0.264
0.091068,0.63029,-0.0050615,-0.027396,1,0.738,0.95,0,-0.262
0.091287,0.63046,-0.0056513,-0.02738,1,0.74,0.95,0,-0.26
0.087784,0.62167,-0.0058892,-0.027571,1,0.742,0.95,0,-0.258
0.08428,0.61287,-0.0061271,-0.027763,1,0.744,0.95,0,-0.256
0.080777,0.60407,-0.006365,-0.027954,1,0.746,0.95,0,-0.254
0.077273,0.59527,-0.006603,-0.028146,1,0.748,0.95,0,-0.252
0.07377,0.58647,-0.0068409,-0.028337,1,0.75,0.95,0,-0.25
0.068234,0.57411,-0.0068359,-0.028582,1,0.752,0.95,0,-0.248
0.062698,0.56175,-0.0068309,-0.028826,1,0.754,0.95,0,-0.246
0.057162,0.54939,-0.0068259,-0.02907,1,0.756,0.95,0,-0.244
0.051626,0.53703,-0.0068209,-0.029315,1,0.758,0.95,0,-0.242
0.04609,0.52467,-0.0068159,-0.029559,1,0.76,0.95,0,-0.24
0.040402,0.51351,-0.0066252,-0.029708,1,0.762,0.95,0,-0.238
0.034713,0.50235,-0.0064345,-0.029857,1,0.764,0.95,0,-0.236
0.029024,0.49119,-0.0062437,-0.030006,1,0.766,0.95,0,-0.234
0.023336,0.48003,-0.006053,-0.030155,1,0.768,0.95,0,-0.232
0.017647,0.46887,-0.0058623,-0.030304,1,0.77,0.95,0,-0.23
0.01257,0.45926,-0.0054685,-0.030311,1,0.772,0.95,0,-0.228
0.0074926,0.44966,-0.0050747,-0.030318,1,0.774,0.95,0,-0.226
0.0024154,0.44005,-0.0046809,-0.030324,1,0.776,0.95,0,-0.224
-0.0026618,0.43045,-0.0042872,-0.030331,1,0.778,0.95,0,-0.222
-0.0077391,0.42084,-0.0038934,-0.030338,1,0.78,0.95,0,-0.22
-0.012043,0.41117,-0.0033603,-0.030223,1,0.782,0.95,0,-0.218
-0.016347,0.4015,-0.0028271,-0.030107,1,0.784,0.95,0,-0.216
-0.020651,0.39183,-0.002294,-0.029991,1,0.786,0.95,0,-0.214
-0.024955,0.38216,-0.0017609,-0.029876,1,0.788,0.95,0,-0.212
-0.029259,0.37249,-0.0012278,-0.02976,1,0.79,0.95,0,-0.21
-0.032651,0.3618,-0.00070797,-0.029573,1,0.792,0.95,0,-0.208
-0.036043,0.3511,-0.00018816,-0.029385,1,0.794,0.95,0,-0.206
-0.039436,0.34041,0.00033165,-0.029198,1,0.796,0.95,0,-0.204
-0.042828,0.32971,0.00085146,-0.02901,1,0.798,0.95,0,-0.202
-0.04622,0.31902,0.0013713,-0.028822,1,0.8,0.95,0,-0.2
-0.048576,0.30806,0.0017257,-0.028626,1,0.802,0.95,0,-0.198
-0.050932,0.29709,0.0020801,-0.028429,1,0.804,0.95,0,-0.196
-0.053288,0.28613,0.0024344,-0.028233,1,0.806,0.95,0,-0.194
-0.055644,0.27516,0.0027888,-0.028037,1,0.808,0.95,0,-0.192
-0.058,0.2642,0.0031432,-0.02784,1,0.81,0.95,0,-0.19
-0.059294,0.25552,0.0032505,-0.027698,1,0.812,0.95,0,-0.188
-0.060587,0.24683,0.0033577,-0.027556,1,0.814,0.95,0,-0.186
-0.06188,0.23815,0.003465,-0.027414,1,0.816,0.95,0,-0.184
-0.063173,0.22947,0.0035723,-0.027272,1,0.818,0.95,0,-0.182
-0.064466,0.22078,0.0036795,-0.02713,1,0.82,0.95,0,-0.18
-0.064796,0.21744,0.0035597,-0.027082,1,0.822,0.95,0,-0.178
-0.065126,0.2141,0.0034399,-0.027034,1,0.824,0.95,0,-0.176
-0.065456,0.21076,0.0033201,-0.026987,1,0.826,0.95,0,-0.174
-0.065786,0.20742,0.0032003,-0.026939,1,0.828,0.95,0,-0.172
-0.066116,0.20408,0.0030805,-0.026891,1,0.83,0.95,0,-0.17
-0.065563,0.20735,0.0028642,-0.026948,1,0.832,0.95,0,-0.168
-0.065011,0.21063,0.0026479,-0.027006,1,0.834,0.95,0,-0.166
-0.064458,0.21391,0.0024317,-0.027063,1,0.836,0.95,0,-0.164
-0.063906,0.21719,0.0022154,-0.027121,1,0.838,0.95,0,-0.162
-0.063353,0.22047,0.0019991,-0.027178,1,0.84,0.95,0,-0.16
-0.06188,0.22881,0.0018465,-0.027324,1,0.842,0.95,0,-0.158
-0.060406,0.23716,0.001694,-0.027469,1,0.844,0.95,0,-0.156
-0.058933,0.2455,0.0015415,-0.027615,1,0.846,0.95,0,-0.154
-0.057459,0.25385,0.001389,-0.027761,1,0.848,0.95,0,-0.152
-0.055986,0.26219,0.0012364,-0.027907,1,0.85,0.95,0,-0.15
-0.053532,0.27261,0.0012377,-0.028098,1,0.852,0.95,0,-0.148
-0.051079,0.28302,0.001239,-0.028289,1,0.854,0.95,0,-0.146
-0.048626,0.29344,0.0012403,-0.02848,1,0.856,0.95,0,-0.144
-0.046173,0.30385,0.0012416,-0.028671,1,0.858,0.95,0,-0.142
-0.04372,0.31426,0.0012428,-0.028862,1,0.86,0.95,0,-0.14
-0.04032,0.32444,0.0013709,-0.029037,1,0.862,0.95,0,-0.138
-0.036919,0.33462,0.001499,-0.029213,1,0.864,0.95,0,-0.136
-0.033518,0.3448,0.0016272,-0.029388,1,0.866,0.95,0,-0.134
-0.030118,0.35498,0.0017553,-0.029563,1,0.868,0.95,0,-0.132
-0.026717,0.36516,0.0018834,-0.029738,1,0.87,0.95,0,-0.13
-0.022461,0.37454,0.0020175,-0.029837,1,0.872,0.95,0,-0.128
-0.018205,0.38391,0.0021516,-0.029936,1,0.874,0.95,0,-0.126
-0.013949,0.39328,0.0022857,-0.030035,1,0.876,0.95,0,-0.124
-0.0096927,0.40266,0.0024198,-0.030134,1,0.878,0.95,0,-0.122
-0.0054365,0.41203,0.0025539,-0.030233,1,0.88,0.95,0,-0.12
-0.00040051,0.42159,0.0025444,-0.03021,1,0.882,0.95,0,-0.118
0.0046355,0.43114,0.002535,-0.030187,1,0.884,0.95,0,-0.116
0.0096715,0.4407,0.0025256,-0.030165,1,0.886,0.95,0,-0.114
0.014708,0.45026,0.0025162,-0.030142,1,0.888,0.95,0,-0.112
0.019744,0.45982,0.0025068,-0.030119,1,0.89,0.95,0,-0.11
0.025411,0.47097,0.0022642,-0.02996,1,0.892,0.95,0,-0.108
0.031079,0.48213,0.0020216,-0.029801,1,0.894,0.95,0,-0.106
0.036746,0.49329,0.001779,-0.029641,1,0.896,0.95,0,-0.104
0.042413,0.50445,0.0015363,-0.029482,1,0.898,0.95,0,-0.102
0.048081,0.51561,0.0012937,-0.029323,1,0.9,0.95,0,-0.1
0.053548,0.52759,0.00088104,-0.029079,1,0.902,0.95,0,-0.098
0.059015,0.53957,0.00046838,-0.028836,1,0.904,0.95,0,-0.096
0.064483,0.55155,5.5713e-05,-0.028592,1,0.906,0.95,0,-0.094
0.06995,0.56353,-0.00035695,-0.028348,1,0.908,0.95,0,-0.092
0.075417,0.57551,-0.00076962,-0.028104,1,0.91,0.95,0,-0.09
0.078646,0.58319,-0.0011566,-0.027925,1,0.912,0.95,0,-0.088
0.081875,0.59088,-0.0015436,-0.027746,1,0.914,0.95,0,-0.086
0.085104,0.59857,-0.0019305,-0.027566,1,0.916,0.95,0,-0.084
0.088333,0.60625,-0.0023175,-0.027387,1,0.918,0.95,0,-0.082
0.091561,0.61394,-0.0027045,-0.027207,1,0.92,0.95,0,-0.08
0.090578,0.61184,-0.0029102,-0.02724,1,0.922,0.95,0,-0.078
0.089594,0.60974,-0.0031159,-0.027274,1,0.924,0.95,0,-0.076
0.08861,0.60764,-0.0033216,-0.027307,1,0.926,0.95,0,-0.074
0.087626,0.60554,-0.0035272,-0.02734,1,0.928,0.95,0,-0.072
0.086642,0.60344,-0.0037329,-0.027373,1,0.93,0.95,0,-0.07
0.081726,0.59278,-0.0037633,-0.027577,1,0.932,0.95,0,-0.068
0.076809,0.58213,-0.0037936,-0.027781,1,0.934,0.95,0,-0.066
0.071893,0.57148,-0.0038239,-0.027985,1,0.936,0.95,0,-0.064
0.066976,0.56083,-0.0038542,-0.028189,1,0.938,0.95,0,-0.062
0.06206,0.55017,-0.0038845,-0.028393,1,0.94,0.95,0,-0.06
0.05541,0.53716,-0.0037938,-0.028581,1,0.942,0.95,0,-0.058
0.048761,0.52415,-0.0037031,-0.02877,1,0.944,0.95,0,-0.056
0.042111,0.51113,-0.0036124,-0.028958,1,0.946,0.95,0,-0.054
0.035462,0.49812,-0.0035218,-0.029146,1,0.948,0.95,0,-0.052
0.028813,0.48511,-0.0034311,-0.029335,1,0.95,0.95,0,-0.05
0.022265,0.47309,-0.0032099,-0.029386,1,0.952,0.95,0,-0.048
0.015717,0.46108,-0.0029888,-0.029437,1,0.954,0.95,0,-0.046
0.0091688,0.44907,-0.0027677,-0.029487,1,0.956,0.95,0,-0.044
0.0026209,0.43706,-0.0025466,-0.029538,1,0.958,0.95,0,-0.042
-0.003927,0.42505,-0.0023255,-0.029589,1,0.96,0.95,0,-0.04
-0.0095902,0.41331,-0.0019893,-0.029494,1,0.962,0.95,0,-0.038
-0.015253,0.40158,-0.0016531,-0.029399,1,0.964,0.95,0,-0.036
-0.020917,0.38984,-0.0013169,-0.029305,1,0.966,0.95,0,-0.034
-0.02658,0.37811,-0.00098067,-0.02921,1,0.968,0.95,0,-0.032
-0.032243,0.36637,-0.00064447,-0.029115,1,0.97,0.95,0,-0.03
-0.036606,0.35422,-0.00029539,-0.028936,1,0.972,0.95,0,-0.028
-0.04097,0.34206,5.3682e-05,-0.028757,1,0.974,0.95,0,-0.026
-0.045333,0.32991,0.00040276,-0.028578,1,0.976,0.95,0,-0.024
-0.049696,0.31776,0.00075183,-0.028399,1,0.978,0.95,0,-0.022
-0.05406,0.30561,0.0011009,-0.02822,1,0.98,0.95,0,-0.02
-0.056809,0.29511,0.0013168,-0.028052,1,0.982,0.95,0,-0.018
-0.059559,0.2846,0.0015327,-0.027884,1,0.984,0.95,0,-0.016
-0.062308,0.2741,0.0017486,-0.027716,1,0.986,0.95,0,-0.014
-0.065058,0.2636,0.0019645,-0.027548,1,0.988,0.95,0,-0.012
-0.067807,0.2531,0.0021804,-0.02738,1,0.99,0.95,0,-0.01
-0.068848,0.24819,0.0021816,-0.027305,1,0.992,0.95,0,-0.008
-0.069888,0.24327,0.0021827,-0.027231,1,0.994,0.95,0,-0.006
-0.070929,0.23836,0.0021839,-0.027157,1,0.996,0.95,0,-0.004
-0.07197,0.23345,0.002185,-0.027082,1,0.998,0.95,0,-0.002
-0.07301,0.22854,0.0021861,-0.027008,1,1,0.95,0,0
-0.072417,0.23148,0.0020439,-0.027061,1,1.002,0.95,0,0.002
-0.071823,0.23442,0.0019016,-0.027114,1,1.004,0.95,0,0.004
-0.071229,0.23735,0.0017594,-0.027167,1,1.006,0.95,0,0.006
-0.070636,0.24029,0.0016171,-0.02722,1,1.008,0.95,0,0.008
-0.070042,0.24323,0.0014749,-0.027273,1,1.01,0.95,0,0.01
-0.067896,0.25232,0.0013442,-0.027432,1,1.012,0.95,0,0.012
-0.065751,0.26142,0.0012136,-0.027591,1,1.014,0.95,0,0.014
-0.063605,0.27051,0.0010829,-0.02775,1,1.016,0.95,0,0.016
-0.06146,0.2796,0.00095227,-0.027909,1,1.018,0.95,0,0.018
-0.059314,0.2887,0.00082162,-0.028067,1,1.02,0.95,0,0.02
-0.055748,0.30005,0.00079254,-0.028264,1,1.022,0.95,0,0.022
-0.052183,0.31141,0.00076346,-0.02846,1,1.024,0.95,0,0.024
-0.048617,0.32277,0.00073438,-0.028656,1,1.026,0.95,0,0.026
-0.045052,0.33413,0.0007053,-0.028852,1,1.028,0.95,0,0.028
-0.041486,0.34548,0.00067622,-0.029049,1,1.03,0.95,0,0.03
-0.036744,0.35638,0.0007069,-0.029195,1,1.032,0.95,0,0.032
-0.032002,0.36727,0.00073758,-0.029342,1,1.034,0.95,0,0.034
-0.027259,0.37816,0.00076827,-0.029489,1,1.036,0.95,0,0.036
-0.022517,0.38906,0.00079895,-0.029636,1,1.038,0.95,0,0.038
-0.017775,0.39995,0.00082963,-0.029783,1,1.04,0.95,0,0.04
-0.012136,0.4103,0.00078928,-0.02981,1,1.042,0.95,0,0.042
-0.0064965,0.42064,0.00074892,-0.029838,1,1.044,0.95,0,0.044
-0.00085747,0.43099,0.00070856,-0.029865,1,1.046,0.95,0,0.046
0.0047816,0.44133,0.00066821,-0.029892,1,1.048,0.95,0,0.048
0.010421,0.45167,0.00062785,-0.02992,1,1.05,0.95,0,0.05
0.016665,0.46295,0.00041395,-0.029797,1,1.052,0.95,0,0.052
0.022909,0.47423,0.00020005,-0.029674,1,1.054,0.95,0,0.054
0.029153,0.48551,-1.3852e-05,-0.029551,1,1.056,0.95,0,0.056
0.035397,0.49679,-0.00022775,-0.029427,1,1.058,0.95,0,0.058
0.041641,0.50807,-0.00044165,-0.029304,1,1.06,0.95,0,0.06
0.047638,0.52014,-0.0007853,-0.029072,1,1.062,0.95,0,0.062
0.053635,0.53222,-0.001129,-0.02884,1,1.064,0.95,0,0.064
0.059631,0.54429,-0.0014726,-0.028607,1,1.066,0.95,0,0.066
0.065628,0.55636,-0.0018163,-0.028375,1,1.068,0.95,0,0.068
0.071624,0.56843,-0.0021599,-0.028143,1,1.07,0.95,0,0.07
0.075341,0.57666,-0.0024587,-0.02795,1,1.072,0.95,0,0.072
0.079058,0.58488,-0.0027574,-0.027757,1,1.074,0.95,0,0.074
0.082775,0.5931,-0.0030562,-0.027563,1,1.076,0.95,0,0.076
0.086492,0.60132,-0.003355,-0.02737,1,1.078,0.95,0,0.078
0.090209,0.60955,-0.0036538,-0.027177,1,1.08,0.95,0,0.08
0.089601,0.60818,-0.003776,-0.027187,1,1.082,0.95,0,0.082
0.088994,0.60682,-0.0038982,-0.027197,1,1.084,0.95,0,0.084
0.088387,0.60545,-0.0040205,-0.027207,1,1.086,0.95,0,0.086
0.087779,0.60409,-0.0041427,-0.027217,1,1.088,0.95,0,0.088
0.087172,0.60272,-0.004265,-0.027227,1,1.09,0.95,0,0.09
0.082429,0.59246,-0.0042316,-0.027416,1,1.092,0.95,0,0.092
0.077686,0.58219,-0.0041983,-0.027606,1,1.094,0.95,0,0.094
0.072943,0.57192,-0.0041649,-0.027795,1,1.096,0.95,0,0.096
0.0682,0.56166,-0.0041316,-0.027985,1,1.098,0.95,0,0.098
0.063457,0.55139,-0.0040982,-0.028174,1,1.1,0.95,0,0.1
0.05681,0.53833,-0.0039609,-0.028361,1,1.102,0.95,0,0.102
0.050164,0.52526,-0.0038236,-0.028547,1,1.104,0.95,0,0.104
0.043517,0.5122,-0.0036863,-0.028734,1,1.106,0.95,0,0.106
0.03687,0.49913,-0.0035489,-0.02892,1,1.108,0.95,0,0.108
0.030224,0.48607,-0.0034116,-0.029106,1,1.11,0.95,0,0.11
0.023619,0.47386,-0.0031592,-0.029162,1,1.112,0.95,0,0.112
0.017015,0.46165,-0.0029067,-0.029217,1,1.114,0.95,0,0.114
0.010411,0.44944,-0.0026543,-0.029273,1,1.116,0.95,0,0.116
0.0038061,0.43724,-0.0024018,-0.029328,1,1.118,0.95,0,0.118
-0.0027983,0.42503,-0.0021494,-0.029383,1,1.12,0.95,0,0.12
-0.0085138,0.41316,-0.0017962,-0.029295,1,1.122,0.95,0,0.122
-0.014229,0.40129,-0.001443,-0.029207,1,1.124,0.95,0,0.124
-0.019945,0.38942,-0.0010898,-0.029119,1,1.126,0.95,0,0.126
-0.02566,0.37756,-0.00073658,-0.029031,1,1.128,0.95,0,0.128
-0.031375,0.36569,-0.00038339,-0.028943,1,1.13,0.95,0,0.13
-0.035776,0.35351,-2.5517e-05,-0.028772,1,1.132,0.95,0,0.132
-0.040176,0.34133,0.00033236,-0.0286,1,1.134,0.95,0,0.134
-0.044576,0.32915,0.00069023,-0.028428,1,1.136,0.95,0,0.136
-0.048976,0.31697,0.0010481,-0.028256,1,1.138,0.95,0,0.138
-0.053377,0.30479,0.001406,-0.028084,1,1.14,0.95,0,0.14
-0.056152,0.29433,0.001629,-0.027923,1,1.142,0.95,0,0.142
-0.058927,0.28387,0.001852,-0.027761,1,1.144,0.95,0,0.144
-0.061703,0.27341,0.0020749,-0.0276,1,1.146,0.95,0,0.146
-0.064478,0.26295,0.0022979,-0.027438,1,1.148,0.95,0,0.148
-0.067253,0.25249,0.0025209,-0.027277,1,1.15,0.95,0,0.15
-0.068307,0.24763,0.0025312,-0.027208,1,1.152,0.95,0,0.152
-0.069362,0.24277,0.0025416,-0.027138,1,1.154,0.95,0,0.154
-0.070416,0.23792,0.0025519,-0.027069,1,1.156,0.95,0,0.156
-0.07147,0.23306,0.0025622,-0.027,1,1.158,0.95,0,0.158
-0.072524,0.2282,0.0025725,-0.026931,1,1.16,0.95,0,0.16
-0.071919,0.23116,0.0024413,-0.026988,1,1.162,0.95,0,0.162
-0.071314,0.23413,0.00231,-0.027045,1,1.164,0.95,0,0.164
-0.070709,0.23709,0.0021788,-0.027101,1,1.166,0.95,0,0.166
-0.070104,0.24005,0.0020475,-0.027158,1,1.168,0.95,0,0.168
-0.069499,0.24302,0.0019163,-0.027215,1,1.17,0.95,0,0.17
-0.067302,0.25211,0.001792,-0.027375,1,1.172,0.95,0,0.172
-0.065104,0.26121,0.0016678,-0.027534,1,1.174,0.95,0,0.174
-0.062907,0.27031,0.0015436,-0.027694,1,1.176,0.95,0,0.176
-0.06071,0.27941,0.0014193,-0.027854,1,1.178,0.95,0,0.178
-0.058512,0.28851,0.0012951,-0.028014,1,1.18,0.95,0,0.18
-0.054847,0.29989,0.0012637,-0.028207,1,1.182,0.95,0,0.182
-0.051182,0.31128,0.0012322,-0.0284,1,1.184,0.95,0,0.184
-0.047517,0.32267,0.0012008,-0.028593,1,1.186,0.95,0,0.186
-0.043852,0.33406,0.0011694,-0.028786,1,1.188,0.95,0,0.188
-0.040187,0.34545,0.0011379,-0.02898,1,1.19,0.95,0,0.19
-0.035295,0.35648,0.0011556,-0.029118,1,1.192,0.95,0,0.192
-0.030404,0.36752,0.0011734,-0.029257,1,1.194,0.95,0,0.194
-0.025513,0.37855,0.0011911,-0.029396,1,1.196,0.95,0,0.196
-0.020621,0.38958,0.0012088,-0.029535,1,1.198,0.95,0,0.198
-0.01573,0.40062,0.0012265,-0.029674,1,1.2,0.95,0,0.2
-0.0099177,0.4113,0.0011679,-0.029689,1,1.202,0.95,0,0.202
-0.0041056,0.42198,0.0011092,-0.029704,1,1.204,0.95,0,0.204
0.0017065,0.43267,0.0010506,-0.029718,1,1.206,0.95,0,0.206
0.0075186,0.44335,0.0009919,-0.029733,1,1.208,0.95,0,0.208
0.013331,0.45403,0.00093324,-0.029748,1,1.21,0.95,0,0.21
0.019695,0.46577,0.00072411,-0.029611,1,1.212,0.95,0,0.212
0.02606,0.47751,0.00051497,-0.029473,1,1.214,0.95,0,0.214
0.032425,0.48925,0.00030583,-0.029336,1,1.216,0.95,0,0.216
0.03879,0.50099,9.6694e-05,-0.029199,1,1.218,0.95,0,0.218
0.045154,0.51273,-0.00011244,-0.029061,1,1.22,0.95,0,0.22
0.051021,0.52483,-0.00040039,-0.028825,1,1.222,0.95,0,0.222
0.056887,0.53694,-0.00068834,-0.028589,1,1.224,0.95,0,0.224
0.062754,0.54904,-0.00097629,-0.028353,1,1.226,0.95,0,0.226
0.068621,0.56115,-0.0012642,-0.028117,1,1.228,0.95,0,0.228
0.074487,0.57325,-0.0015522,-0.027881,1,1.23,0.95,0,0.23
0.077622,0.58047,-0.0017623,-0.027707,1,1.232,0.95,0,0.232
0.080758,0.5877,-0.0019724,-0.027533,1,1.234,0.95,0,0.234
0.083893,0.59492,-0.0021824,-0.027359,1,1.236,0.95,0,0.236
0.087028,0.60215,-0.0023925,-0.027185,1,1.238,0.95,0,0.238
0.090163,0.60937,-0.0026026,-0.027011,1,1.24,0.95,0,0.24
0.08869,0.60654,-0.0026556,-0.027047,1,1.242,0.95,0,0.242
0.087217,0.60371,-0.0027086,-0.027083,1,1.244,0.95,0,0.244
0.085744,0.60088,-0.0027616,-0.027118,1,1.246,0.95,0,0.246
0.08427,0.59804,-0.0028146,-0.027154,1,1.248,0.95,0,0.248
0.082797,0.59521,-0.0028677,-0.027189,1,1.25,0.95,0,0.25
0.077317,0.58417,-0.0027993,-0.027375,1,1.252,0.95,0,0.252
0.071838,0.57312,-0.0027309,-0.027561,1,1.254,0.95,0,0.254
0.066358,0.56207,-0.0026625,-0.027747,1,1.256,0.95,0,0.256
0.060878,0.55103,-0.0025941,-0.027932,1,1.258,0.95,0,0.258
0.055398,0.53998,-0.0025257,-0.028118,1,1.26,0.95,0,0.26
0.048281,0.52671,-0.0023804,-0.028267,1,1.262,0.95,0,0.262
0.041163,0.51343,-0.002235,-0.028416,1,1.264,0.95,0,0.264
0.034046,0.50015,-0.0020897,-0.028565,1,1.266,0.95,0,0.266
0.026928,0.48687,-0.0019443,-0.028715,1,1.268,0.95,0,0.268
0.019811,0.47359,-0.001799,-0.028864,1,1.27,0.95,0,0.27
0.012912,0.46075,-0.0015704,-0.028869,1,1.272,0.95,0,0.272
0.0060137,0.44791,-0.0013419,-0.028875,1,1.274,0.95,0,0.274
-0.00088495,0.43507,-0.0011133,-0.02888,1,1.276,0.95,0,0.276
-0.0077836,0.42223,-0.00088476,-0.028886,1,1.278,0.95,0,0.278
-0.014682,0.40939,-0.0006562,-0.028891,1,1.28,0.95,0,0.28
-0.020437,0.39648,-0.00036229,-0.028767,1,1.282,0.95,0,0.282
-0.026192,0.38356,-6.8386e-05,-0.028643,1,1.284,0.95,0,0.284
-0.031947,0.37065,0.00022552,-0.028519,1,1.286,0.95,0,0.286
-0.037702,0.35774,0.00051942,-0.028396,1,1.288,0.95,0,0.288
-0.043458,0.34483,0.00081333,-0.028272,1,1.29,0.95,0,0.29
-0.047476,0.33277,0.0010466,-0.028106,1,1.292,0.95,0,0.292
-0.051494,0.3207,0.0012798,-0.027939,1,1.294,0.95,0,0.294
-0.055512,0.30864,0.0015131,-0.027773,1,1.296,0.95,0,0.296
-0.05953,0.29658,0.0017464,-0.027607,1,1.298,0.95,0,0.298
-0.063548,0.28451,0.0019796,-0.027441,1,1.3,0.95,0,0.3
-0.06548,0.27711,0.0020323,-0.027335,1,1.302,0.95,0,0.302
-0.067411,0.2697,0.002085,-0.027229,1,1.304,0.95,0,0.304
-0.069343,0.26229,0.0021377,-0.027123,1,1.306,0.95,0,0.306
-0.071275,0.25489,0.0021904,-0.027018,1,1.308,0.95,0,0.308
-0.073206,0.24748,0.0022432,-0.026912,1,1.31,0.95,0,0.31
-0.072965,0.24825,0.0021281,-0.026931,1,1.312,0.95,0,0.312
-0.072724,0.24903,0.002013,-0.02695,1,1.314,0.95,0,0.314
-0.072483,0.2498,0.0018979,-0.026969,1,1.316,0.95,0,0.316
-0.072242,0.25057,0.0017829,-0.026988,1,1.318,0.95,0,0.318
-0.072001,0.25134,0.0016678,-0.027007,1,1.32,0.95,0,0.32
-0.069642,0.25975,0.0014969,-0.02714,1,1.322,0.95,0,0.322
-0.067284,0.26816,0.001326,-0.027274,1,1.324,0.95,0,0.324
-0.064926,0.27657,0.0011551,-0.027407,1,1.326,0.95,0,0.326
-0.062567,0.28498,0.0009842,-0.027541,1,1.328,0.95,0,0.328
-0.060209,0.29339,0.0008133,-0.027674,1,1.33,0.95,0,0.33
-0.055923,0.3055,0.00067486,-0.027846,1,1.332,0.95,0,0.332
-0.051637,0.31762,0.00053642,-0.028018,1,1.334,0.95,0,0.334
-0.047351,0.32973,0.00039798,-0.02819,1,1.336,0.95,0,0.336
-0.043065,0.34184,0.00025954,-0.028362,1,1.338,0.95,0,0.338
-0.038779,0.35395,0.0001211,-0.028534,1,1.34,0.95,0,0.34
-0.032973,0.36648,5.5259e-07,-0.02864,1,1.342,0.95,0,0.342
-0.027166,0.37901,-0.00012,-0.028745,1,1.344,0.95,0,0.344
-0.02136,0.39154,-0.00024055,-0.028851,1,1.346,0.95,0,0.346
-0.015553,0.40407,-0.0003611,-0.028957,1,1.348,0.95,0,0.348
-0.0097462,0.4166,-0.00048165,-0.029063,1,1.35,0.95,0,0.35
-0.0030055,0.42913,-0.00063722,-0.029027,1,1.352,0.95,0,0.352
0.0037351,0.44166,-0.00079279,-0.028992,1,1.354,0.95,0,0.354
0.010476,0.4542,-0.00094836,-0.028957,1,1.356,0.95,0,0.356
0.017216,0.46673,-0.0011039,-0.028922,1,1.358,0.95,0,0.358
0.023957,0.47927,-0.0012595,-0.028886,1,1.36,0.95,0,0.36
0.030647,0.49212,-0.00143,-0.028708,1,1.362,0.95,0,0.362
0.037336,0.50497,-0.0016005,-0.028529,1,1.364,0.95,0,0.364
0.044026,0.51782,-0.0017709,-0.02835,1,1.366,0.95,0,0.366
0.050716,0.53067,-0.0019414,-0.028172,1,1.368,0.95,0,0.368
0.057406,0.54353,-0.0021119,-0.027993,1,1.37,0.95,0,0.37
0.06204,0.55351,-0.0021809,-0.027781,1,1.372,0.95,0,0.372
0.066674,0.56349,-0.00225,-0.027569,1,1.374,0.95,0,0.374
0.071308,0.57347,-0.002319,-0.027356,1,1.376,0.95,0,0.376
0.075942,0.58345,-0.0023881,-0.027144,1,1.378,0.95,0,0.378
0.080576,0.59344,-0.0024572,-0.026932,1,1.38,0.95,0,0.38
0.080736,0.59467,-0.0023541,-0.026861,1,1.382,0.95,0,0.382
0.080896,0.59591,-0.002251,-0.026791,1,1.384,0.95,0,0.384
0.081056,0.59715,-0.0021479,-0.02672,1,1.386,0.95,0,0.386
0.081216,0.59838,-0.0020448,-0.02665,1,1.388,0.95,0,0.388
0.081376,0.59962,-0.0019417,-0.026579,1,1.39,0.95,0,0.39
0.076568,0.59071,-0.0017087,-0.026682,1,1.392,0.95,0,0.392
0.07176,0.58181,-0.0014758,-0.026784,1,1.394,0.95,0,0.394
0.066952,0.5729,-0.0012428,-0.026886,1,1.396,0.95,0,0.396
0.062144,0.56399,-0.0010098,-0.026989,1,1.398,0.95,0,0.398
0.057336,0.55509,-0.00077687,-0.027091,1,1.4,0.95,0,0.4
0.04966,0.54067,-0.00048367,-0.027208,1,1.402,0.95,0,0.402
0.041985,0.52626,-0.00019047,-0.027326,1,1.404,0.95,0,0.404
0.034309,0.51184,0.00010273,-0.027443,1,1.406,0.95,0,0.406
0.026633,0.49743,0.00039593,-0.02756,1,1.408,0.95,0,0.408
0.018958,0.48302,0.00068913,-0.027677,1,1.41,0.95,0,0.41
0.011064,0.46731,0.00098228,-0.027681,1,1.412,0.95,0,0.412
0.0031708,0.4516,0.0012754,-0.027685,1,1.414,0.95,0,0.414
-0.0047228,0.4359,0.0015686,-0.027688,1,1.416,0.95,0,0.416
-0.012616,0.42019,0.0018617,-0.027692,1,1.418,0.95,0,0.418
-0.02051,0.40449,0.0021549,-0.027696,1,1.42,0.95,0,0.42
-0.02677,0.38966,0.0023609,-0.027598,1,1.422,0.95,0,0.422
-0.033031,0.37482,0.002567,-0.0275,1,1.424,0.95,0,0.424
-0.039291,0.35999,0.0027731,-0.027402,1,1.426,0.95,0,0.426
-0.045551,0.34516,0.0029792,-0.027304,1,1.428,0.95,0,0.428
-0.051812,0.33032,0.0031853,-0.027206,1,1.43,0.95,0,0.43
-0.055401,0.32003,0.0032165,-0.027109,1,1.432,0.95,0,0.432
-0.05899,0.30973,0.0032478,-0.027012,1,1.434,0.95,0,0.434
-0.062579,0.29944,0.003279,-0.026915,1,1.436,0.95,0,0.436
-0.066168,0.28914,0.0033103,-0.026818,1,1.438,0.95,0,0.438
-0.069757,0.27885,0.0033415,-0.026721,1,1.44,0.95,0,0.44
-0.070327,0.27737,0.0031964,-0.026725,1,1.442,0.95,0,0.442
-0.070897,0.2759,0.0030513,-0.026728,1,1.444,0.95,0,0.444
-0.071467,0.27442,0.0029063,-0.026731,1,1.446,0.95,0,0.446
-0.072036,0.27295,0.0027612,-0.026735,1,1.448,0.95,0,0.448
-0.072606,0.27147,0.0026161,-0.026738,1,1.45,0.95,0,0.45
-0.07022,0.27915,0.0023973,-0.026856,1,1.452,0.95,0,0.452
-0.067833,0.28682,0.0021786,-0.026973,1,1.454,0.95,0,0.454
-0.065447,0.2945,0.0019598,-0.02709,1,1.456,0.95,0,0.456
-0.06306,0.30217,0.0017411,-0.027208,1,1.458,0.95,0,0.458
-0.060674,0.30985,0.0015224,-0.027325,1,1.46,0.95,0,0.46
-0.055686,0.32264,0.0013322,-0.027478,1,1.462,0.95,0,0.462
-0.050698,0.33544,0.001142,-0.027631,1,1.464,0.95,0,0.464
-0.045709,0.34824,0.00095187,-0.027785,1,1.466,0.95,0,0.466
-0.040721,0.36103,0.0007617,-0.027938,1,1.468,0.95,0,0.468
-0.035733,0.37383,0.00057154,-0.028091,1,1.47,0.95,0,0.47
-0.028833,0.38787,0.00043049,-0.028163,1,1.472,0.95,0,0.472
-0.021933,0.40192,0.00028943,-0.028235,1,1.474,0.95,0,0.474
-0.015033,0.41597,0.00014837,-0.028307,1,1.476,0.95,0,0.476
-0.0081336,0.43001,7.3194e-06,-0.028378,1,1.478,0.95,0,0.478
-0.0012337,0.44406,-0.00013374,-0.02845,1,1.48,0.95,0,0.48
0.0064964,0.45822,-0.00025146,-0.028374,1,1.482,0.95,0,0.482
0.014227,0.47237,-0.00036919,-0.028298,1,1.484,0.95,0,0.484
0.021957,0.48653,-0.00048691,-0.028222,1,1.486,0.95,0,0.486
0.029687,0.50069,-0.00060464,-0.028147,1,1.488,0.95,0,0.488
0.037417,0.51485,-0.00072236,-0.028071,1,1.49,0.95,0,0.49
0.044176,0.52752,-0.0008108,-0.027894,1,1.492,0.95,0,0.492
0.050934,0.54019,-0.00089924,-0.027717,1,1.494,0.95,0,0.494
0.057693,0.55286,-0.00098768,-0.027539,1,1.496,0.95,0,0.496
0.064452,0.56553,-0.0010761,-0.027362,1,1.498,0.95,0,0.498
0.07121,0.5782,-0.0011646,-0.027185,1,1.5,0.95,0,0.5
0.074469,0.58423,-0.0012012,-0.02708,1,1.502,0.95,0,0.502
0.077728,0.59027,-0.0012378,-0.026974,1,1.504,0.95,0,0.504
0.080987,0.5963,-0.0012744,-0.026868,1,1.506,0.95,0,0.506
0.084247,0.60233,-0.001311,-0.026762,1,1.508,0.95,0,0.508
0.087506,0.60837,-0.0013476,-0.026656,1,1.51,0.95,0,0.51
0.085839,0.60399,-0.0013653,-0.026752,1,1.512,0.95,0,0.512
0.084173,0.59962,-0.001383,-0.026848,1,1.514,0.95,0,0.514
0.082507,0.59524,-0.0014006,-0.026944,1,1.516,0.95,0,0.516
0.080841,0.59087,-0.0014183,-0.02704,1,1.518,0.95,0,0.518
0.079175,0.5865,-0.001436,-0.027137,1,1.52,0.95,0,0.52
0.07385,0.57504,-0.0014549,-0.027349,1,1.522,0.95,0,0.522
0.068525,0.56359,-0.0014739,-0.027562,1,1.524,0.95,0,0.524
0.063201,0.55214,-0.0014928,-0.027774,1,1.526,0.95,0,0.526
0.057876,0.54069,-0.0015118,-0.027987,1,1.528,0.95,0,0.528
0.052551,0.52924,-0.0015307,-0.0282,1,1.53,0.95,0,0.53
0.046022,0.51665,-0.0015018,-0.028356,1,1.532,0.95,0,0.532
0.039492,0.50407,-0.0014728,-0.028512,1,1.534,0.95,0,0.534
0.032963,0.49148,-0.0014439,-0.028668,1,1.536,0.95,0,0.536
0.026434,0.4789,-0.0014149,-0.028824,1,1.538,0.95,0,0.538
0.019904,0.46631,-0.0013859,-0.028981,1,1.54,0.95,0,0.54
0.013713,0.45462,-0.0012461,-0.028994,1,1.542,0.95,0,0.542
0.0075207,0.44293,-0.0011063,-0.029007,1,1.544,0.95,0,0.544
0.001329,0.43124,-0.00096649,-0.02902,1,1.546,0.95,0,0.546
-0.0048628,0.41955,-0.00082668,-0.029033,1,1.548,0.95,0,0.548
-0.011055,0.40785,-0.00068686,-0.029046,1,1.55,0.95,0,0.55
-0.016294,0.39607,-0.00045113,-0.028931,1,1.552,0.95,0,0.552
-0.021534,0.38428,-0.00021539,-0.028815,1,1.554,0.95,0,0.554
-0.026773,0.37249,2.0346e-05,-0.028699,1,1.556,0.95,0,0.556
-0.032013,0.36071,0.00025609,-0.028584,1,1.558,0.95,0,0.558
-0.037252,0.34892,0.00049182,-0.028468,1,1.56,0.95,0,0.56
-0.041163,0.33699,0.0007078,-0.028293,1,1.562,0.95,0,0.562
-0.045073,0.32507,0.00092378,-0.028118,1,1.564,0.95,0,0.564
-0.048984,0.31314,0.0011398,-0.027943,1,1.566,0.95,0,0.566
-0.052894,0.30122,0.0013558,-0.027768,1,1.568,0.95,0,0.568
-0.056805,0.28929,0.0015717,-0.027594,1,1.57,0.95,0,0.57
-0.059134,0.27988,0.0016519,-0.02745,1,1.572,0.95,0,0.572
-0.061464,0.27047,0.0017321,-0.027306,1,1.574,0.95,0,0.574
-0.063793,0.26106,0.0018123,-0.027162,1,1.576,0.95,0,0.576
-0.066122,0.25165,0.0018924,-0.027018,1,1.578,0.95,0,0.578
-0.068452,0.24224,0.0019726,-0.026874,1,1.58,0.95,0,0.58
-0.069148,0.23912,0.0019042,-0.026832,1,1.582,0.95,0,0.582
-0.069843,0.23599,0.0018357,-0.02679,1,1.584,0.95,0,0.584
-0.070539,0.23287,0.0017673,-0.026748,1,1.586,0.95,0,0.586
-0.071235,0.22974,0.0016988,-0.026707,1,1.588,0.95,0,0.588
-0.07193,0.22662,0.0016304,-0.026665,1,1.59,0.95,0,0.59
-0.071041,0.2312,0.0015228,-0.026746,1,1.592,0.95,0,0.592
-0.070152,0.23578,0.0014152,-0.026828,1,1.594,0.95,0,0.594
-0.069263,0.24036,0.0013077,-0.026909,1,1.596,0.95,0,0.596
-0.068374,0.24493,0.0012001,-0.026991,1,1.598,0.95,0,0.598
-0.067485,0.24951,0.0010925,-0.027072,1,1.6,0.95,0,0.6
-0.065049,0.25944,0.0010741,-0.027246,1,1.602,0.95,0,0.602
-0.062614,0.26936,0.0010556,-0.02742,1,1.604,0.95,0,0.604
-0.060178,0.27929,0.0010371,-0.027594,1,1.606,0.95,0,0.606
-0.057742,0.28921,0.0010186,-0.027768,1,1.608,0.95,0,0.608
-0.055307,0.29914,0.0010001,-0.027942,1,1.61,0.95,0,0.61
-0.051449,0.3106,0.0010999,-0.028133,1,1.612,0.95,0,0.612
-0.047592,0.32207,0.0011997,-0.028324,1,1.614,0.95,0,0.614
-0.043735,0.33354,0.0012995,-0.028516,1,1.616,0.95,0,0.616
-0.039877,0.34501,0.0013993,-0.028707,1,1.618,0.95,0,0.618
-0.03602,0.35647,0.0014991,-0.028899,1,1.62,0.95,0,0.62
-0.030989,0.36735,0.0016267,-0.029022,1,1.622,0.95,0,0.622
-0.025959,0.37823,0.0017544,-0.029145,1,1.624,0.95,0,0.624
-0.020929,0.38912,0.001882,-0.029268,1,1.626,0.95,0,0.626
-0.015898,0.4,0.0020097,-0.029392,1,1.628,0.95,0,0.628
-0.010868,0.41088,0.0021373,-0.029515,1,1.63,0.95,0,0.63
-0.0049461,0.42164,0.0021645,-0.029505,1,1.632,0.95,0,0.632
0.00097559,0.43241,0.0021916,-0.029496,1,1.634,0.95,0,0.634
0.0068973,0.44317,0.0022188,-0.029487,1,1.636,0.95,0,0.636
0.012819,0.45394,0.0022459,-0.029477,1,1.638,0.95,0,0.638
0.018741,0.4647,0.0022731,-0.029468,1,1.64,0.95,0,0.64
0.025148,0.47674,0.002148,-0.029309,1,1.642,0.95,0,0.642
0.031556,0.48879,0.002023,-0.02915,1,1.644,0.95,0,0.644
0.037963,0.50083,0.001898,-0.028991,1,1.646,0.95,0,0.646
0.04437,0.51288,0.0017729,-0.028832,1,1.648,0.95,0,0.648
0.050778,0.52492,0.0016479,-0.028673,1,1.65,0.95,0,0.65
0.056448,0.53687,0.0014306,-0.028436,1,1.652,0.95,0,0.652
0.062118,0.54881,0.0012134,-0.0282,1,1.654,0.95,0,0.654
0.067788,0.56076,0.00099618,-0.027964,1,1.656,0.95,0,0.656
0.073458,0.57271,0.00077895,-0.027727,1,1.658,0.95,0,0.658
0.079128,0.58465,0.00056172,-0.027491,1,1.66,0.95,0,0.66
0.08178,0.5907,0.0003411,-0.027352,1,1.662,0.95,0,0.662
0.084432,0.59676,0.00012048,-0.027212,1,1.664,0.95,0,0.664
0.087084,0.60281,-0.00010014,-0.027073,1,1.666,0.95,0,0.666
0.089735,0.60886,-0.00032076,-0.026934,1,1.668,0.95,0,0.668
0.092387,0.61491,-0.00054139,-0.026795,1,1.67,0.95,0,0.67
0.09053,0.6107,-0.00072913,-0.026879,1,1.672,0.95,0,0.672
0.088672,0.60649,-0.00091687,-0.026963,1,1.674,0.95,0,0.674
0.086814,0.60228,-0.0011046,-0.027047,1,1.676,0.95,0,0.676
0.084957,0.59807,-0.0012924,-0.027131,1,1.678,0.95,0,0.678
0.083099,0.59386,-0.0014801,-0.027215,1,1.68,0.95,0,0.68
0.077795,0.58251,-0.0016218,-0.027435,1,1.682,0.95,0,0.682
0.072491,0.57116,-0.0017636,-0.027656,1,1.684,0.95,0,0.684
0.067187,0.55981,-0.0019054,-0.027877,1,1.686,0.95,0,0.686
0.061883,0.54846,-0.0020471,-0.028097,1,1.688,0.95,0,0.688
0.05658,0.5371,-0.0021889,-0.028318,1,1.69,0.95,0,0.69
0.050157,0.52476,-0.0022302,-0.028493,1,1.692,0.95,0,0.692
0.043734,0.51242,-0.0022715,-0.028669,1,1.694,0.95,0,0.694
0.037311,0.50008,-0.0023128,-0.028844,1,1.696,0.95,0,0.696
0.030888,0.48774,-0.0023542,-0.02902,1,1.698,0.95,0,0.698
0.024465,0.4754,-0.0023955,-0.029195,1,1.7,0.95,0,0.7
0.018393,0.46433,-0.0022774,-0.02923,1,1.702,0.95,0,0.702
0.01232,0.45326,-0.0021593,-0.029265,1,1.704,0.95,0,0.704
0.006248,0.4422,-0.0020413,-0.029301,1,1.706,0.95,0,0.706
0.00017542,0.43113,-0.0019232,-0.029336,1,1.708,0.95,0,0.708
-0.005897,0.42006,-0.0018051,-0.029371,1,1.71,0.95,0,0.71
-0.011109,0.40911,-0.0015614,-0.029269,1,1.712,0.95,0,0.712
-0.01632,0.39816,-0.0013178,-0.029167,1,1.714,0.95,0,0.714
-0.021532,0.3872,-0.0010741,-0.029065,1,1.716,0.95,0,0.716
-0.026743,0.37625,-0.00083047,-0.028963,1,1.718,0.95,0,0.718
-0.031955,0.3653,-0.00058681,-0.028862,1,1.72,0.95,0,0.72
-0.036022,0.35368,-0.0003362,-0.028681,1,1.722,0.95,0,0.722
-0.04009,0.34205,-8.5582e-05,-0.028499,1,1.724,0.95,0,0.724
-0.044157,0.33043,0.00016504,-0.028318,1,1.726,0.95,0,0.726
-0.048224,0.31881,0.00041566,-0.028137,1,1.728,0.95,0,0.728
-0.052291,0.30719,0.00066628,-0.027956,1,1.73,0.95,0,0.73
-0.054963,0.29662,0.00079755,-0.027781,1,1.732,0.95,0,0.732
-0.057634,0.28605,0.00092882,-0.027606,1,1.734,0.95,0,0.734
-0.060306,0.27549,0.0010601,-0.027431,1,1.736,0.95,0,0.736
-0.062977,0.26492,0.0011913,-0.027256,1,1.738,0.95,0,0.738
-0.065649,0.25436,0.0013226,-0.027081,1,1.74,0.95,0,0.74
-0.066816,0.24854,0.0012913,-0.026989,1,1.742,0.95,0,0.742
-0.067984,0.24272,0.0012601,-0.026897,1,1.744,0.95,0,0.744
-0.069152,0.2369,0.0012288,-0.026806,1,1.746,0.95,0,0.746
-0.070319,0.23108,0.0011975,-0.026714,1,1.748,0.95,0,0.748
-0.071487,0.22527,0.0011662,-0.026622,1,1.75,0.95,0,0.75
-0.071171,0.2269,0.0010595,-0.026652,1,1.752,0.95,0,0.752
-0.070855,0.22854,0.00095275,-0.026682,1,1.754,0.95,0,0.754
-0.070539,0.23018,0.00084602,-0.026712,1,1.756,0.95,0,0.756
-0.070223,0.23182,0.00073928,-0.026742,1,1.758,0.95,0,0.758
-0.069908,0.23346,0.00063255,-0.026772,1,1.76,0.95,0,0.76
-0.068113,0.24167,0.00059318,-0.026912,1,1.762,0.95,0,0.762
-0.066319,0.24989,0.00055382,-0.027052,1,1.764,0.95,0,0.764
-0.064525,0.2581,0.00051445,-0.027193,1,1.766,0.95,0,0.766
-0.062731,0.26632,0.00047509,-0.027333,1,1.768,0.95,0,0.768
-0.060937,0.27454,0.00043572,-0.027473,1,1.77,0.95,0,0.77
-0.057699,0.28577,0.00053106,-0.027667,1,1.772,0.95,0,0.772
-0.054461,0.297,0.00062639,-0.02786,1,1.774,0.95,0,0.774
-0.051223,0.30823,0.00072172,-0.028053,1,1.776,0.95,0,0.776
-0.047985,0.31946,0.00081705,-0.028246,1,1.778,0.95,0,0.778
-0.044747,0.33069,0.00091238,-0.02844,1,1.78,0.95,0,0.78
-0.040242,0.34189,0.0010874,-0.028601,1,1.782,0.95,0,0.782
-0.035738,0.35308,0.0012624,-0.028763,1,1.784,0.95,0,0.784
-0.031233,0.36428,0.0014375,-0.028924,1,1.786,0.95,0,0.786
-0.026729,0.37548,0.0016125,-0.029086,1,1.788,0.95,0,0.788
-0.022225,0.38667,0.0017875,-0.029247,1,1.79,0.95,0,0.79
-0.016718,0.39728,0.0019173,-0.029301,1,1.792,0.95,0,0.792
-0.011212,0.40788,0.0020472,-0.029355,1,1.794,0.95,0,0.794
-0.0057058,0.41848,0.002177,-0.029408,1,1.796,0.95,0,0.796
-0.00019966,0.42909,0.0023068,-0.029462,1,1.798,0.95,0,0.798
0.0053067,0.43969,0.0024366,-0.029516,1,1.8,0.95,0,0.8
0.011537,0.45107,0.0024117,-0.029422,1,1.802,0.95,0,0.802
0.017768,0.46244,0.0023867,-0.029328,1,1.804,0.95,0,0.804
0.023999,0.47382,0.0023618,-0.029234,1,1.806,0.95,0,0.806
0.03023,0.48519,0.0023369,-0.02914,1,1.808,0.95,0,0.808
0.036461,0.49657,0.002312,-0.029046,1,1.81,0.95,0,0.81
0.042678,0.50907,0.0021446,-0.028829,1,1.812,0.95,0,0.812
0.048895,0.52157,0.0019773,-0.028611,1,1.814,0.95,0,0.814
0.055112,0.53407,0.0018099,-0.028394,1,1.816,0.95,0,0.816
0.061329,0.54658,0.0016426,-0.028177,1,1.818,0.95,0,0.818
0.067546,0.55908,0.0014752,-0.02796,1,1.82,0.95,0,0.82
0.071848,0.56865,0.0012603,-0.027755,1,1.822,0.95,0,0.822
0.076151,0.57823,0.0010454,-0.027551,1,1.824,0.95,0,0.824
0.080453,0.58781,0.00083056,-0.027347,1,1.826,0.95,0,0.826
0.084755,0.59738,0.00061568,-0.027142,1,1.828,0.95,0,0.828
0.089058,0.60696,0.0004008,-0.026938,1,1.83,0.95,0,0.83
0.089272,0.6075,0.00019025,-0.026922,1,1.832,0.95,0,0.832
0.089486,0.60803,-2.0289e-05,-0.026906,1,1.834,0.95,0,0.834
0.089701,0.60857,-0.00023083,-0.026891,1,1.836,0.95,0,0.836
0.089915,0.60911,-0.00044137,-0.026875,1,1.838,0.95,0,0.838
0.090129,0.60964,-0.00065191,-0.026859,1,1.84,0.95,0,0.84
0.08612,0.60074,-0.00084286,-0.027044,1,1.842,0.95,0,0.842
0.082112,0.59184,-0.0010338,-0.027229,1,1.844,0.95,0,0.844
0.078103,0.58293,-0.0012247,-0.027414,1,1.846,0.95,0,0.846
0.074094,0.57403,-0.0014157,-0.027599,1,1.848,0.95,0,0.848
0.070085,0.56512,-0.0016066,-0.027784,1,1.85,0.95,0,0.85
0.063921,0.55265,-0.0017409,-0.028002,1,1.852,0.95,0,0.852
0.057757,0.54018,-0.0018753,-0.02822,1,1.854,0.95,0,0.854
0.051593,0.5277,-0.0020096,-0.028438,1,1.856,0.95,0,0.856
0.045429,0.51523,-0.0021439,-0.028657,1,1.858,0.95,0,0.858
0.039265,0.50275,-0.0022783,-0.028875,1,1.86,0.95,0,0.86
0.032953,0.49117,-0.0022707,-0.028979,1,1.862,0.95,0,0.862
0.02664,0.4796,-0.0022631,-0.029084,1,1.864,0.95,0,0.864
0.020328,0.46802,-0.0022555,-0.029188,1,1.866,0.95,0,0.866
0.014016,0.45644,-0.002248,-0.029293,1,1.868,0.95,0,0.868
0.007703,0.44486,-0.0022404,-0.029397,1,1.87,0.95,0,0.87
0.0020806,0.43413,-0.0020676,-0.029354,1,1.872,0.95,0,0.872
-0.003542,0.42339,-0.0018947,-0.029311,1,1.874,0.95,0,0.874
-0.0091645,0.41266,-0.0017219,-0.029267,1,1.876,0.95,0,0.876
-0.014787,0.40192,-0.001549,-0.029224,1,1.878,0.95,0,0.878
-0.02041,0.39119,-0.0013762,-0.029181,1,1.88,0.95,0,0.88
-0.025034,0.37991,-0.0011411,-0.029027,1,1.882,0.95,0,0.882
-0.029658,0.36862,-0.00090599,-0.028873,1,1.884,0.95,0,0.884
-0.034282,0.35734,-0.0006709,-0.028719,1,1.886,0.95,0,0.886
-0.038907,0.34606,-0.0004358,-0.028565,1,1.888,0.95,0,0.888
-0.043531,0.33478,-0.0002007,-0.028411,1,1.89,0.95,0,0.89
-0.046878,0.32337,-3.6401e-05,-0.02822,1,1.892,0.95,0,0.892
-0.050226,0.31197,0.0001279,-0.02803,1,1.894,0.95,0,0.894
-0.053574,0.30056,0.0002922,-0.027839,1,1.896,0.95,0,0.896
-0.056921,0.28916,0.00045649,-0.027649,1,1.898,0.95,0,0.898
-0.060269,0.27775,0.00062079,-0.027458,1,1.9,0.95,0,0.9
-0.062152,0.26921,0.00063599,-0.027317,1,1.902,0.95,0,0.902
-0.064035,0.26068,0.00065119,-0.027176,1,1.904,0.95,0,0.904
-0.065918,0.25214,0.00066639,-0.027035,1,1.906,0.95,0,0.906
-0.067801,0.2436,0.00068159,-0.026894,1,1.908,0.95,0,0.908
-0.069685,0.23506,0.00069679,-0.026753,1,1.91,0.95,0,0.91
-0.070073,0.23302,0.00060065,-0.026721,1,1.912,0.95,0,0.912
-0.070462,0.23097,0.00050451,-0.026689,1,1.914,0.95,0,0.914
-0.07085,0.22893,0.00040836,-0.026657,1,1.916,0.95,0,0.916
-0.071239,0.22688,0.00031222,-0.026625,1,1.918,0.95,0,0.918
-0.071627,0.22484,0.00021607,-0.026593,1,1.92,0.95,0,0.92
-0.070535,0.23029,0.00014406,-0.026684,1,1.922,0.95,0,0.922
-0.069443,0.23574,7.2041e-05,-0.026774,1,1.924,0.95,0,0.924
-0.068352,0.24119,2.6431e-08,-0.026864,1,1.926,0.95,0,0.926
-0.06726,0.24664,-7.1989e-05,-0.026954,1,1.928,0.95,0,0.928
-0.066168,0.25209,-0.00014401,-0.027045,1,1.93,0.95,0,0.93
-0.063589,0.26242,-8.3452e-05,-0.027221,1,1.932,0.95,0,0.932
-0.061011,0.27275,-2.2896e-05,-0.027397,1,1.934,0.95,0,0.934
-0.058433,0.28308,3.7659e-05,-0.027573,1,1.936,0.95,0,0.936
-0.055854,0.29341,9.8215e-05,-0.027749,1,1.938,0.95,0,0.938
-0.053276,0.30375,0.00015877,-0.027925,1,1.94,0.95,0,0.94
-0.049316,0.31526,0.00033977,-0.028111,1,1.942,0.95,0,0.942
-0.045355,0.32677,0.00052078,-0.028298,1,1.944,0.95,0,0.944
-0.041395,0.33828,0.00070179,-0.028484,1,1.946,0.95,0,0.946
-0.037435,0.34979,0.0008828,-0.02867,1,1.948,0.95,0,0.948
-0.033475,0.36131,0.0010638,-0.028856,1,1.95,0.95,0,0.95
-0.028373,0.37216,0.0012531,-0.028967,1,1.952,0.95,0,0.952
-0.023271,0.38301,0.0014425,-0.029078,1,1.954,0.95,0,0.954
-0.01817,0.39387,0.0016318,-0.029189,1,1.956,0.95,0,0.956
-0.013068,0.40472,0.0018211,-0.0293,1,1.958,0.95,0,0.958
-0.0079662,0.41557,0.0020105,-0.029411,1,1.96,0.95,0,0.96
-0.0019932,0.42645,0.0020845,-0.029387,1,1.962,0.95,0,0.962
0.0039797,0.43733,0.0021586,-0.029363,1,1.964,0.95,0,0.964
0.0099527,0.4482,0.0022327,-0.029339,1,1.966,0.95,0,0.966
0.015926,0.45908,0.0023068,-0.029315,1,1.968,0.95,0,0.968
0.021899,0.46996,0.0023809,-0.02929,1,1.97,0.95,0,0.97
0.028296,0.48215,0.0022962,-0.029121,1,1.972,0.95,0,0.972
0.034694,0.49435,0.0022115,-0.028952,1,1.974,0.95,0,0.974
0.041091,0.50655,0.0021269,-0.028783,1,1.976,0.95,0,0.976
0.047489,0.51874,0.0020422,-0.028614,1,1.978,0.95,0,0.978
0.053887,0.53094,0.0019575,-0.028445,1,1.98,0.95,0,0.98
0.059368,0.54263,0.0017747,-0.028215,1,1.982,0.95,0,0.982
0.064849,0.55431,0.0015918,-0.027985,1,1.984,0.95,0,0.984
0.07033,0.566,0.0014089,-0.027754,1,1.986,0.95,0,0.986
0.075811,0.57769,0.0012261,-0.027524,1,1.988,0.95,0,0.988
0.081292,0.58937,0.0010432,-0.027294,1,1.99,0.95,0,0.99
0.083547,0.59453,0.0009405,-0.027182,1,1.992,0.95,0,0.992
0.085801,0.59968,0.00083776,-0.027069,1,1.994,0.95,0,0.994
0.088056,0.60483,0.00073502,-0.026957,1,1.996,0.95,0,0.996
0.090311,0.60999,0.00063227,-0.026844,1,1.998,0.95,0,0.998
0.092565,0.61514,0.00052953,-0.026732,1,2,0.95,0,1
